{
   "mAdvancedMode" : false,
   "mBendDownThreshold" : -160.0,
   "mBendUpThreshold" : 100.0,
   "mDistalSlerpDownValue" : [ 0.5, 0.5, 0.5, 0.5, 0.75 ],
   "mDistalSlerpUpValue" : [ 0.0, 0.0, 0.0, 0.0, 0.0 ],
   "mFinalFingerSpacing" : 0.0,
   "mFingerSpacing" : 5.0,
   "mHardwareVersion" : 1,
   "mLHModelOffset" : [
      [ 1.0, 0.0, 0.0 ],
      [ 0.0, -1.0, 0.0 ],
      [ 0.0, 0.0, 1.0 ]
   ],
   "mLHThumbOffset" : [
      [ 42.0, -15.0, -30.0 ],
      [ 49.0, -29.0, -18.0 ],
      [ 47.0, -9.0, -10.0 ]
   ],
   "mProximalSlerpDownValue" : [
      0.45000000000000001,
      0.45000000000000001,
      0.45000000000000001,
      0.45000000000000001,
      0.55000000000000004
   ],
   "mProximalSlerpUpValue" : [
      0.90000000000000002,
      0.90000000000000002,
      0.90000000000000002,
      0.90000000000000002,
      0.0
   ],
   "mRHModelOffset" : [
      [ -1.0, 0.0, 0.0 ],
      [ 0.0, 1.0, 0.0 ],
      [ 0.0, 0.0, 1.0 ]
   ],
   "mRHThumbOffset" : [
      [ -50.0, 26.0, -37.0 ],
      [ -31.0, 45.0, -39.0 ],
      [ -24.0, 19.0, -41.0 ]
   ]
}
