{
   "mAdvancedMode" : false,
   "mBendDownThreshold" : -160.0,
   "mBendUpThreshold" : 100.0,
   "mDistalSlerpDownValue" : [ 0.5, 0.5, 0.5, 0.5, 0.40000000000000002 ],
   "mDistalSlerpUpValue" : [ 0.0, 0.0, 0.0, 0.0, 0.0 ],
   "mFinalFingerSpacing" : 2.0,
   "mFingerSpacing" : 2.0,
   "mHardwareVersion" : 1,
   "mLHModelOffset" : [
      [ -1.0, 0.0, 0.0 ],
      [ 0.0, -1.0, 0.0 ],
      [ 0.0, 0.0, -1.0 ]
   ],
   "mLHThumbOffset" : [
      [ 0.0, 26.0, 0.0 ],
      [ 0.0, 11.0, 0.0 ],
      [ 0.0, 1.0, 0.0 ]
   ],
   "mProximalSlerpDownValue" : [
      0.45000000000000001,
      0.45000000000000001,
      0.45000000000000001,
      0.45000000000000001,
      0.55000000000000004
   ],
   "mProximalSlerpUpValue" : [
      0.90000000000000002,
      0.90000000000000002,
      0.90000000000000002,
      0.90000000000000002,
      0.0
   ],
   "mRHModelOffset" : [
      [ -1.0, 0.0, 0.0 ],
      [ 0.0, -1.0, 0.0 ],
      [ 0.0, 0.0, -1.0 ]
   ],
   "mRHThumbOffset" : [
      [ 0.0, -34.0, 6.0 ],
      [ 0.0, -17.0, 20.0 ],
      [ 0.0, -16.0, 9.0 ]
   ]
}
